ticker,method,order_fraction,participation_limit,cost_scenario,sessions,mean_completion,mean_shortfall_bps,mean_vwap_slippage_bps
AAPL,POV,0.01,0.05,base,20,1.0,-2.8653864231658503,20.181207974953207
AAPL,POV,0.01,0.05,high,20,1.0,1.3305244768382747,24.38664134111995
AAPL,POV,0.01,0.05,low,20,1.0,-4.963341873168011,18.07849129186939
AAPL,POV,0.01,0.1,base,20,1.0,1.7264409606785993,24.91030207773287
AAPL,POV,0.01,0.1,high,20,1.0,6.783569016479274,29.978831916048886
AAPL,POV,0.01,0.1,low,20,1.0,-0.8021230672229768,22.376037158573727
AAPL,POV,0.01,0.2,base,20,1.0,5.043343086127483,28.305255460967793
AAPL,POV,0.01,0.2,high,20,1.0,11.216196686587613,34.492580053965824
AAPL,POV,0.01,0.2,low,20,1.0,1.9569162858953728,25.211593164466642
AAPL,POV,0.03,0.05,base,20,1.0,-11.911431101223346,10.780359526905205
AAPL,POV,0.03,0.05,high,20,1.0,-7.683622364162032,15.017775880488248
AAPL,POV,0.03,0.05,low,20,1.0,-14.025335469757408,8.661651350110155
AAPL,POV,0.03,0.1,base,20,1.0,-6.719132619899982,16.225657819548598
AAPL,POV,0.03,0.1,high,20,1.0,-1.5813992789152989,21.37512132502323
AAPL,POV,0.03,0.1,low,20,1.0,-9.287999290393506,13.650926066810731
AAPL,POV,0.03,0.2,base,20,1.0,1.1638887005722651,24.272123411961665
AAPL,POV,0.03,0.2,high,20,1.0,7.527820115135701,30.650386992282506
AAPL,POV,0.03,0.2,low,20,1.0,-2.0180770067107554,21.082991621799827
AAPL,POV,0.05,0.05,base,20,0.9882363413000821,-11.618390727340621,10.664820066940527
AAPL,POV,0.05,0.05,high,20,0.9882363413000821,-7.439777182905354,14.902831691650075
AAPL,POV,0.05,0.05,low,20,0.9882363413000821,-13.707697499561837,8.54581425458184
AAPL,POV,0.05,0.1,base,20,1.0,-10.325775742428092,12.431621210525934
AAPL,POV,0.05,0.1,high,20,1.0,-5.174740262457995,17.59439509131
AAPL,POV,0.05,0.1,low,20,1.0,-12.901293482415761,9.850234270131486
AAPL,POV,0.05,0.2,base,20,1.0,-3.7569420270266223,19.241391557448253
AAPL,POV,0.05,0.2,high,20,1.0,2.663439822103767,25.676350077546374
AAPL,POV,0.05,0.2,low,20,1.0,-6.967132951592252,16.023912297398525
AAPL,TWAP,0.01,0.05,base,20,1.0,-16.655461517024577,5.6759792134050135
AAPL,TWAP,0.01,0.05,high,20,1.0,-13.654278270287005,8.683509980717542
AAPL,TWAP,0.01,0.05,low,20,1.0,-18.156053140394985,4.172213829746529
AAPL,TWAP,0.01,0.1,base,20,1.0,-16.654848757126484,5.676593656431694
AAPL,TWAP,0.01,0.1,high,20,1.0,-13.653537884858697,8.684252333561515
AAPL,TWAP,0.01,0.1,low,20,1.0,-18.155504193261994,4.172764317864341
AAPL,TWAP,0.01,0.2,base,20,1.0,-16.654848757126484,5.676593656431694
AAPL,TWAP,0.01,0.2,high,20,1.0,-13.653537884858697,8.684252333561515
AAPL,TWAP,0.01,0.2,low,20,1.0,-18.155504193261994,4.172764317864341
AAPL,TWAP,0.03,0.05,base,20,1.0,-16.025107395382086,6.306682867252111
AAPL,TWAP,0.03,0.05,high,20,1.0,-12.321711187177385,10.017781128761783
AAPL,TWAP,0.03,0.05,low,20,1.0,-17.876805499482764,4.451133736498636
AAPL,TWAP,0.03,0.1,base,20,1.0,-15.921291859710312,6.411515294343362
AAPL,TWAP,0.03,0.1,high,20,1.0,-12.18613254279005,10.154398563340383
AAPL,TWAP,0.03,0.1,low,20,1.0,-17.788871518172943,4.540073659841936
AAPL,TWAP,0.03,0.2,base,20,1.0,-15.919173728986499,6.413646478558744
AAPL,TWAP,0.03,0.2,high,20,1.0,-12.182038483472983,10.158507657484439
AAPL,TWAP,0.03,0.2,low,20,1.0,-17.787741351745552,4.541215889093397
AAPL,TWAP,0.05,0.05,base,20,0.95607261099158,-16.359971534802455,5.316925200201273
AAPL,TWAP,0.05,0.05,high,20,0.95607261099158,-12.509860004645326,9.357564006088282
AAPL,TWAP,0.05,0.05,low,20,0.95607261099158,-18.28502729987814,3.296605797261043
AAPL,TWAP,0.05,0.1,base,20,1.0,-15.429967942511476,6.903459878816743
AAPL,TWAP,0.05,0.1,high,20,1.0,-11.207668676563058,11.134413482160655
AAPL,TWAP,0.05,0.1,low,20,1.0,-17.541117575488208,4.787983077142233
AAPL,TWAP,0.05,0.2,base,20,1.0,-15.41403729600853,6.919727036840683
AAPL,TWAP,0.05,0.2,high,20,1.0,-11.171228439068205,11.171209413150807
AAPL,TWAP,0.05,0.2,low,20,1.0,-17.53544172448253,4.793985848681792
AAPL,VWAP,0.01,0.05,base,20,0.9999999999999998,-17.085766274556843,5.331325761165295
AAPL,VWAP,0.01,0.05,high,20,0.9999999999999998,-14.164267292510758,8.259068819471748
AAPL,VWAP,0.01,0.05,low,20,0.9999999999999998,-18.546515765585774,3.8674542320056853
AAPL,VWAP,0.01,0.1,base,20,0.9999999999999998,-17.085766274556843,5.331325761165295
AAPL,VWAP,0.01,0.1,high,20,0.9999999999999998,-14.164267292510758,8.259068819471748
AAPL,VWAP,0.01,0.1,low,20,0.9999999999999998,-18.546515765585774,3.8674542320056853
AAPL,VWAP,0.01,0.2,base,20,0.9999999999999998,-17.085766274556843,5.331325761165295
AAPL,VWAP,0.01,0.2,high,20,0.9999999999999998,-14.164267292510758,8.259068819471748
AAPL,VWAP,0.01,0.2,low,20,0.9999999999999998,-18.546515765585774,3.8674542320056853
AAPL,VWAP,0.03,0.05,base,20,0.999833936618785,-16.409189398245434,6.004650612698226
AAPL,VWAP,0.03,0.05,high,20,0.999833936618785,-12.816018592177025,9.605995000619483
AAPL,VWAP,0.03,0.05,low,20,0.999833936618785,-18.205774801279116,4.203978418737875
AAPL,VWAP,0.03,0.1,base,20,0.9999999999999998,-16.408715866814944,6.009665403352349
AAPL,VWAP,0.03,0.1,high,20,0.9999999999999998,-12.80988285283947,9.61603201170086
AAPL,VWAP,0.03,0.1,low,20,0.9999999999999998,-18.208132373803487,4.206482099177455
AAPL,VWAP,0.03,0.2,base,20,0.9999999999999998,-16.408252933634206,6.010128907287804
AAPL,VWAP,0.03,0.2,high,20,0.9999999999999998,-12.80924061066292,9.616675111719541
AAPL,VWAP,0.03,0.2,low,20,0.9999999999999998,-18.20775909512077,4.206855805071241
AAPL,VWAP,0.05,0.05,base,20,0.9804394608610645,-15.774811054655075,6.2134935960075905
AAPL,VWAP,0.05,0.05,high,20,0.9804394608610645,-11.870096938689306,10.208629612890707
AAPL,VWAP,0.05,0.05,low,20,0.9804394608610645,-17.727168112636573,4.215925587567615
AAPL,VWAP,0.05,0.1,base,20,0.9999999999999998,-15.943632265019085,6.4756249392265985
AAPL,VWAP,0.05,0.1,high,20,0.9999999999999998,-11.880681424336867,10.546997063992537
AAPL,VWAP,0.05,0.1,low,20,0.9999999999999998,-17.97510768535732,4.439938876846738
AAPL,VWAP,0.05,0.2,base,20,0.9999999999999998,-15.941966592799194,6.4773029387311665
AAPL,VWAP,0.05,0.2,high,20,0.9999999999999998,-11.876567537367233,10.551123754495295
AAPL,VWAP,0.05,0.2,low,20,0.9999999999999998,-17.97466612051159,4.440392530852543
AMZN,POV,0.01,0.05,base,20,1.0,8.607922157252684,19.995238272159266
AMZN,POV,0.01,0.05,high,20,1.0,12.823402486048838,24.21538703133597
AMZN,POV,0.01,0.05,low,20,1.0,6.50018199285518,17.88516389257189
AMZN,POV,0.01,0.1,base,20,1.0,6.734651224142219,18.298420580295407
AMZN,POV,0.01,0.1,high,20,1.0,11.807042207327651,23.37614670663524
AMZN,POV,0.01,0.1,low,20,1.0,4.198455732547913,15.75955751712388
AMZN,POV,0.01,0.2,base,20,1.0,2.5725155330722287,14.255843325200356
AMZN,POV,0.01,0.2,high,20,1.0,8.822089056412079,20.511407925070948
AMZN,POV,0.01,0.2,low,20,1.0,-0.552271228600371,11.128061025262094
AMZN,POV,0.03,0.05,base,20,1.0,-1.9550792332976805,8.903712223107098
AMZN,POV,0.03,0.05,high,20,1.0,2.2772877946561083,13.140673256157253
AMZN,POV,0.03,0.05,low,20,1.0,-4.071262747271651,6.785231706585182
AMZN,POV,0.03,0.1,base,20,1.0,6.629218442844326,17.865572506537085
AMZN,POV,0.03,0.1,high,20,1.0,11.787515134226009,23.02965147978919
AMZN,POV,0.03,0.1,low,20,1.0,4.050070097152219,15.283533019910035
AMZN,POV,0.03,0.2,base,20,1.0,10.290596368073896,21.77849425586387
AMZN,POV,0.03,0.2,high,20,1.0,16.684469290945415,28.17928613026627
AMZN,POV,0.03,0.2,low,20,1.0,7.09365990663626,18.57809831866114
AMZN,POV,0.05,0.05,base,20,0.9600647043359103,-4.75121789498487,5.823951303993158
AMZN,POV,0.05,0.05,high,20,0.9600647043359103,-0.6882117060810364,10.060112119758045
AMZN,POV,0.05,0.05,low,20,0.9600647043359103,-6.782720989431526,3.7058708961162923
AMZN,POV,0.05,0.1,base,20,1.0,-0.4352024137458487,10.518172756923349
AMZN,POV,0.05,0.1,high,20,1.0,4.721301534455823,15.680325486478518
AMZN,POV,0.05,0.1,low,20,1.0,-3.0134543878478004,7.937096392144793
AMZN,POV,0.05,0.2,base,20,1.0,10.803161422602443,22.10893303348427
AMZN,POV,0.05,0.2,high,20,1.0,17.255096145148745,28.568037418372104
AMZN,POV,0.05,0.2,low,20,1.0,7.577194061328545,18.87938084104063
AMZN,TWAP,0.01,0.05,base,20,1.0,-8.393940821976106,1.9501409302798423
AMZN,TWAP,0.01,0.05,high,20,1.0,-5.316464717080072,5.03073015170502
AMZN,TWAP,0.01,0.05,low,20,1.0,-9.932678874423896,0.4098463195671419
AMZN,TWAP,0.01,0.1,base,20,1.0,-8.393511069925944,1.9505760956258222
AMZN,TWAP,0.01,0.1,high,20,1.0,-5.315576313632272,5.031626013772439
AMZN,TWAP,0.01,0.1,low,20,1.0,-9.932478448072732,0.41005113655273584
AMZN,TWAP,0.01,0.2,base,20,1.0,-8.393511069925944,1.9505760956258222
AMZN,TWAP,0.01,0.2,high,20,1.0,-5.315576313632272,5.031626013772439
AMZN,TWAP,0.01,0.2,low,20,1.0,-9.932478448072732,0.41005113655273584
AMZN,TWAP,0.03,0.05,base,20,1.0,-7.247698965528184,3.09999889405449
AMZN,TWAP,0.03,0.05,high,20,1.0,-3.444141207434638,6.907258456936516
AMZN,TWAP,0.03,0.05,low,20,1.0,-9.149477844577202,1.19636911261084
AMZN,TWAP,0.03,0.1,base,20,1.0,-7.606240966118551,2.7385884184603078
AMZN,TWAP,0.03,0.1,high,20,1.0,-3.741726296050781,6.606968794064417
AMZN,TWAP,0.03,0.1,low,20,1.0,-9.538498301154522,0.8043982306564225
AMZN,TWAP,0.03,0.2,base,20,1.0,-7.602971366983466,2.741880897339399
AMZN,TWAP,0.03,0.2,high,20,1.0,-3.7345050984554966,6.614227184516485
AMZN,TWAP,0.03,0.2,low,20,1.0,-9.537204501249837,0.8057077537488853
AMZN,TWAP,0.05,0.05,base,20,0.9068291103620318,-7.812129280452704,2.747997938441493
AMZN,TWAP,0.05,0.05,high,20,0.9068291103620318,-4.117319679896907,6.832112039297233
AMZN,TWAP,0.05,0.05,low,20,0.9068291103620318,-9.659534080731444,0.705940888012624
AMZN,TWAP,0.05,0.1,base,20,1.0,-7.031363239540897,3.3144853931990625
AMZN,TWAP,0.05,0.1,high,20,1.0,-2.6624995574042507,7.687624303775509
AMZN,TWAP,0.05,0.1,low,20,1.0,-9.215795080610308,1.1279159379098402
AMZN,TWAP,0.05,0.2,base,20,1.0,-7.060422776723951,3.284936761926704
AMZN,TWAP,0.05,0.2,high,20,1.0,-2.6500036667111155,7.699754107628243
AMZN,TWAP,0.05,0.2,low,20,1.0,-9.265632331733784,1.077528089072355
AMZN,VWAP,0.01,0.05,base,20,1.0,-7.867281507971431,2.6140041461098495
AMZN,VWAP,0.01,0.05,high,20,1.0,-4.88076680721676,5.603509784655403
AMZN,VWAP,0.01,0.05,low,20,1.0,-9.360538858341755,1.11925132684354
AMZN,VWAP,0.01,0.1,base,20,1.0,-7.867256722258664,2.614028950913949
AMZN,VWAP,0.01,0.1,high,20,1.0,-4.880698062803253,5.603578936829723
AMZN,VWAP,0.01,0.1,low,20,1.0,-9.360536051979398,1.1192539579625294
AMZN,VWAP,0.01,0.2,base,20,1.0,-7.867256722258664,2.614028950913949
AMZN,VWAP,0.01,0.2,high,20,1.0,-4.880698062803253,5.603578936829723
AMZN,VWAP,0.01,0.2,low,20,1.0,-9.360536051979398,1.1192539579625294
AMZN,VWAP,0.03,0.05,base,20,1.0,-7.156738938373695,3.3249560990445404
AMZN,VWAP,0.03,0.05,high,20,1.0,-3.4605129793640175,7.024788918134183
AMZN,VWAP,0.03,0.05,low,20,1.0,-9.004851917882181,1.4750396894963602
AMZN,VWAP,0.03,0.1,base,20,1.0,-7.143894862011598,3.338041617708842
AMZN,VWAP,0.03,0.1,high,20,1.0,-3.4341095607153056,7.051470954070771
AMZN,VWAP,0.03,0.1,low,20,1.0,-8.998787512663627,1.48132694952402
AMZN,VWAP,0.03,0.2,base,20,1.0,-7.143456550023837,3.3384847973320646
AMZN,VWAP,0.03,0.2,high,20,1.0,-3.433097718345068,7.052490629654907
AMZN,VWAP,0.03,0.2,low,20,1.0,-8.998635965867047,1.481481881167035
AMZN,VWAP,0.05,0.05,base,20,0.9564481135768572,-6.457376445004497,4.047401060740141
AMZN,VWAP,0.05,0.05,high,20,0.9564481135768572,-2.5699893083844203,8.122138056363859
AMZN,VWAP,0.05,0.05,low,20,0.9564481135768572,-8.401070013315072,2.0100325629279214
AMZN,VWAP,0.05,0.1,base,20,1.0,-6.650126704777482,3.832213073821145
AMZN,VWAP,0.05,0.1,high,20,1.0,-2.4493577956150174,8.037054040353208
AMZN,VWAP,0.05,0.1,low,20,1.0,-8.750511159358805,1.7297925905550016
AMZN,VWAP,0.05,0.2,base,20,1.0,-6.645518216288875,3.8368710244924826
AMZN,VWAP,0.05,0.2,high,20,1.0,-2.4371620744693456,8.049323092058358
AMZN,VWAP,0.05,0.2,low,20,1.0,-8.749696287199846,1.730644990708408
META,POV,0.01,0.05,base,20,1.0,29.8846544515047,19.763303199116233
META,POV,0.01,0.05,high,20,1.0,34.123404445891865,23.997747885572295
META,POV,0.01,0.05,low,20,1.0,27.765279454311393,17.64608085588748
META,POV,0.01,0.1,base,20,1.0,26.608561532263405,16.538567697555074
META,POV,0.01,0.1,high,20,1.0,31.714822437707774,21.638583361375694
META,POV,0.01,0.1,low,20,1.0,24.055431079539776,13.98855986564329
META,POV,0.01,0.2,base,20,1.0,25.20112833120004,15.217314458551845
META,POV,0.01,0.2,high,20,1.0,31.49132549264608,21.49880944822136
META,POV,0.01,0.2,low,20,1.0,22.05602975047446,12.076566963714896
META,POV,0.03,0.05,base,20,1.0,32.86245911728768,22.328969412897745
META,POV,0.03,0.05,high,20,1.0,37.10944790188464,26.571499138891784
META,POV,0.03,0.05,low,20,1.0,30.73896472498882,20.207704549900395
META,POV,0.03,0.1,base,20,1.0,31.893324331899084,21.632600898716326
META,POV,0.03,0.1,high,20,1.0,37.06509907629188,26.79908578602097
META,POV,0.03,0.1,low,20,1.0,29.30743695970242,19.04935845506378
META,POV,0.03,0.2,base,20,1.0,30.186965407544086,20.078987648576078
META,POV,0.03,0.2,high,20,1.0,36.62663236078521,26.511428417807128
META,POV,0.03,0.2,low,20,1.0,26.96713193092112,16.862767263958244
META,POV,0.05,0.05,base,20,0.9192674866023809,27.37988987643335,16.883652800804782
META,POV,0.05,0.05,high,20,0.9192674866023809,31.282372402110752,21.12408200636229
META,POV,0.05,0.05,low,20,0.9192674866023809,25.428648613594806,14.763438198025781
META,POV,0.05,0.1,base,20,1.0,33.34862371252573,22.893427819805133
META,POV,0.05,0.1,high,20,1.0,38.52324172818639,28.062657727847
META,POV,0.05,0.1,low,20,1.0,30.761314704695753,20.308812865784507
META,POV,0.05,0.2,base,20,1.0,32.17899647725654,21.99428373016876
META,POV,0.05,0.2,high,20,1.0,38.65626886663198,28.465006915291912
META,POV,0.05,0.2,low,20,1.0,28.94036028256678,18.758922137605104
META,TWAP,0.01,0.05,base,20,1.0,15.544008756949632,4.630803407665696
META,TWAP,0.01,0.05,high,20,1.0,18.718449562580055,7.801620530287101
META,TWAP,0.01,0.05,low,20,1.0,13.956788354132408,3.045394846353078
META,TWAP,0.01,0.1,base,20,1.0,15.551579043155371,4.63835390805445
META,TWAP,0.01,0.1,high,20,1.0,18.732357086617423,7.815497783715654
META,TWAP,0.01,0.1,low,20,1.0,13.961190021422174,3.0497819702217095
META,TWAP,0.01,0.2,base,20,1.0,15.552002639672065,4.638782598398395
META,TWAP,0.01,0.2,high,20,1.0,18.733421471737053,7.8165694420077045
META,TWAP,0.01,0.2,low,20,1.0,13.961293223637208,3.0498891765914915
META,TWAP,0.03,0.05,base,20,0.9802320482169856,16.405719874051975,5.349222549726751
META,TWAP,0.03,0.05,high,20,0.9802320482169856,20.19300813145186,9.213662490389796
META,TWAP,0.03,0.05,low,20,0.9802320482169856,14.512075745354943,3.4170025793984755
META,TWAP,0.03,0.1,base,20,1.0,16.33910281313859,5.425317171700028
META,TWAP,0.03,0.1,high,20,1.0,20.349604227769294,9.431165094456517
META,TWAP,0.03,0.1,low,20,1.0,14.333852105823823,3.4223932103227823
META,TWAP,0.03,0.2,base,20,1.0,16.409774977477973,5.495499015250594
META,TWAP,0.03,0.2,high,20,1.0,20.448607346355026,9.529642491259038
META,TWAP,0.03,0.2,low,20,1.0,14.390358793039269,3.4784272772468983
META,TWAP,0.05,0.05,base,20,0.854181229385536,15.76758888574523,4.900615210224835
META,TWAP,0.05,0.05,high,20,0.854181229385536,19.25649231005119,8.992032942496008
META,TWAP,0.05,0.05,low,20,0.854181229385536,14.023137173593776,2.8549063440904687
META,TWAP,0.05,0.1,base,20,0.9954018679660717,16.839124905006493,5.8283262406163
META,TWAP,0.05,0.1,high,20,0.9954018679660717,21.302169872610207,10.309219988272389
META,TWAP,0.05,0.1,low,20,0.9954018679660717,14.607602421204296,3.587879366788228
META,TWAP,0.05,0.2,base,20,1.0,16.97971992612497,6.064765305524689
META,TWAP,0.05,0.2,high,20,1.0,21.59088616709114,10.670542894618993
META,TWAP,0.05,0.2,low,20,1.0,14.674136805641094,3.761876510976647
META,VWAP,0.01,0.05,base,20,1.0,17.534872745563455,6.727353873551834
META,VWAP,0.01,0.05,high,20,1.0,20.633410071191594,9.822466305035526
META,VWAP,0.01,0.05,low,20,1.0,15.98560408274985,5.179797657809182
META,VWAP,0.01,0.1,base,20,1.0,17.535024143347027,6.72751742529054
META,VWAP,0.01,0.1,high,20,1.0,20.635373681242974,9.824440111026457
META,VWAP,0.01,0.1,low,20,1.0,15.984849374400316,5.179056082423805
META,VWAP,0.01,0.2,base,20,1.0,17.535062120416825,6.727555670128726
META,VWAP,0.01,0.2,high,20,1.0,20.635439919327762,9.824506866649484
META,VWAP,0.01,0.2,low,20,1.0,15.984873220962617,5.179080071869457
META,VWAP,0.03,0.05,base,20,0.9969889358679455,18.437253147576616,7.551096141141246
META,VWAP,0.03,0.05,high,20,0.9969889358679455,22.250981364607537,11.373289671770037
META,VWAP,0.03,0.05,low,20,0.9969889358679455,16.530389039061653,5.63999937582721
META,VWAP,0.03,0.1,base,20,1.0,18.332968606823293,7.524527052559071
META,VWAP,0.03,0.1,high,20,1.0,22.225832946796135,11.413050970673078
META,VWAP,0.03,0.1,low,20,1.0,16.38653643683285,5.580265093497793
META,VWAP,0.03,0.2,base,20,1.0,18.337556939600994,7.529123989069798
META,VWAP,0.03,0.2,high,20,1.0,22.240521026641993,11.427734474129258
META,VWAP,0.03,0.2,low,20,1.0,16.38607489607679,5.579818746536458
META,VWAP,0.05,0.05,base,20,0.9123152051834985,18.70322988080311,8.260714362128551
META,VWAP,0.05,0.05,high,20,0.9123152051834985,22.458326158461514,12.382129595536306
META,VWAP,0.05,0.05,low,20,0.9123152051834985,16.82568174197322,6.200006745423259
META,VWAP,0.05,0.1,base,20,1.0,18.873917121018057,8.064429101093285
META,VWAP,0.05,0.1,high,20,1.0,23.269887172571256,12.45548301286209
META,VWAP,0.05,0.1,low,20,1.0,16.67593209523867,5.8689021452058014
META,VWAP,0.05,0.2,base,20,1.0,18.88665894611815,8.0775597282976
META,VWAP,0.05,0.2,high,20,1.0,23.33547338122719,12.521389884499744
META,VWAP,0.05,0.2,low,20,1.0,16.662251728561962,5.855644650194725
MSFT,POV,0.01,0.05,base,20,1.0,3.4907793766674766,11.99919615438838
MSFT,POV,0.01,0.05,high,20,1.0,7.678974821898295,16.19057717094119
MSFT,POV,0.01,0.05,low,20,1.0,1.3966816540525886,9.903505646112865
MSFT,POV,0.01,0.1,base,20,1.0,5.14518059142947,13.691320617695956
MSFT,POV,0.01,0.1,high,20,1.0,10.203164394187821,18.7528312232918
MSFT,POV,0.01,0.1,low,20,1.0,2.6161886900492113,11.16056531489623
MSFT,POV,0.01,0.2,base,20,1.0,6.320438702551216,14.898374882750087
MSFT,POV,0.01,0.2,high,20,1.0,12.568142527325909,21.1501395798574
MSFT,POV,0.01,0.2,low,20,1.0,3.1965867901616414,11.772492534193933
MSFT,POV,0.03,0.05,base,20,1.0,1.9280733342852556,10.252866342585211
MSFT,POV,0.03,0.05,high,20,1.0,6.162027785565691,14.490347120233949
MSFT,POV,0.03,0.05,low,20,1.0,-0.18890389135455893,8.134125953760618
MSFT,POV,0.03,0.1,base,20,1.0,1.6101463666322509,10.071496731451413
MSFT,POV,0.03,0.1,high,20,1.0,6.728706058747727,15.19404943413044
MSFT,POV,0.03,0.1,low,20,1.0,-0.9491334794259878,7.5102203801110665
MSFT,POV,0.03,0.2,base,20,1.0,7.009049728634736,15.533889945150758
MSFT,POV,0.03,0.2,high,20,1.0,13.365353360464207,21.894680293310596
MSFT,POV,0.03,0.2,low,20,1.0,3.8308979127161207,12.353494771067062
MSFT,POV,0.05,0.05,base,20,0.9003144064229209,-0.6631827936022174,6.873007964293798
MSFT,POV,0.05,0.05,high,20,0.9003144064229209,3.147167971942875,11.109083217004878
MSFT,POV,0.05,0.05,low,20,0.9003144064229209,-2.568358176373747,4.754970337939701
MSFT,POV,0.05,0.1,base,20,1.0,3.410525658039343,11.77856133449523
MSFT,POV,0.05,0.1,high,20,1.0,8.564741568817029,16.937062227372735
MSFT,POV,0.05,0.1,low,20,1.0,0.8334177026516537,9.19931088805792
MSFT,POV,0.05,0.2,base,20,1.0,4.548413680450988,13.035597666981868
MSFT,POV,0.05,0.2,high,20,1.0,10.942805064841652,19.434803791171298
MSFT,POV,0.05,0.2,low,20,1.0,1.3512179882540796,9.835994604885212
MSFT,TWAP,0.01,0.05,base,20,1.0,-6.563652698806777,1.5935889327657882
MSFT,TWAP,0.01,0.05,high,20,1.0,-3.3209085588138207,4.838947885719702
MSFT,TWAP,0.01,0.05,low,20,1.0,-8.185024768803435,-0.02909054371169626
MSFT,TWAP,0.01,0.1,base,20,1.0,-6.5630089618864655,1.5942374382726943
MSFT,TWAP,0.01,0.1,high,20,1.0,-3.316853648130512,4.84300977706903
MSFT,TWAP,0.01,0.1,low,20,1.0,-8.186086618765248,-0.030148731126166874
MSFT,TWAP,0.01,0.2,base,20,1.0,-6.562842286177566,1.5944042984514795
MSFT,TWAP,0.01,0.2,high,20,1.0,-3.3165009168636166,4.843362831361275
MSFT,TWAP,0.01,0.2,low,20,1.0,-8.186012970834934,-0.03007496800339062
MSFT,TWAP,0.03,0.05,base,20,0.9931117263507667,-5.704361205905597,2.378604730567891
MSFT,TWAP,0.03,0.05,high,20,0.9931117263507667,-1.748678540723938,6.365487499160216
MSFT,TWAP,0.03,0.05,low,20,0.9931117263507667,-7.682202538489972,0.3851633462782499
MSFT,TWAP,0.03,0.1,base,20,1.0,-5.670958375857106,2.4867474488677876
MSFT,TWAP,0.03,0.1,high,20,1.0,-1.536509164585683,6.624522452254643
MSFT,TWAP,0.03,0.1,low,20,1.0,-7.73818298149381,0.41785994717313824
MSFT,TWAP,0.03,0.2,base,20,1.0,-5.650417993848157,2.5075488565028947
MSFT,TWAP,0.03,0.2,high,20,1.0,-1.4921217030456437,6.669180247464712
MSFT,TWAP,0.03,0.2,low,20,1.0,-7.729566139249789,0.4267331610215421
MSFT,TWAP,0.05,0.05,base,20,0.802940138652346,-7.1808550728656355,0.6465364461322176
MSFT,TWAP,0.05,0.05,high,20,0.802940138652346,-3.85732124225204,4.794885201943377
MSFT,TWAP,0.05,0.05,low,20,0.802940138652346,-8.842621988172525,-1.4276379317726962
MSFT,TWAP,0.05,0.1,base,20,1.0,-5.201688856698377,2.954895336972241
MSFT,TWAP,0.05,0.1,high,20,1.0,-0.5532477128931639,7.607083728340902
MSFT,TWAP,0.05,0.1,low,20,1.0,-7.525909428596127,0.6288011412929341
MSFT,TWAP,0.05,0.2,base,20,1.0,-5.034714892052319,3.1236657268747803
MSFT,TWAP,0.05,0.2,high,20,1.0,-0.263511552226176,7.89870106206686
MSFT,TWAP,0.05,0.2,low,20,1.0,-7.420316561966667,0.7361480592774085
MSFT,VWAP,0.01,0.05,base,20,1.0,-6.377570723783691,1.827816309697805
MSFT,VWAP,0.01,0.05,high,20,1.0,-3.257998649527829,4.949924570941621
MSFT,VWAP,0.01,0.05,low,20,1.0,-7.937356760913029,0.26676217907478667
MSFT,VWAP,0.01,0.1,base,20,1.0,-6.377072947700435,1.8283129948792332
MSFT,VWAP,0.01,0.1,high,20,1.0,-3.2572164399850245,4.950705852322212
MSFT,VWAP,0.01,0.1,low,20,1.0,-7.937001201559143,0.2671165661566334
MSFT,VWAP,0.01,0.2,base,20,1.0,-6.377072947700435,1.8283129948792332
MSFT,VWAP,0.01,0.2,high,20,1.0,-3.2572164399850245,4.950705852322212
MSFT,VWAP,0.01,0.2,low,20,1.0,-7.937001201559143,0.2671165661566334
MSFT,VWAP,0.03,0.05,base,20,0.9986045182521213,-5.612623472404342,2.578820636622625
MSFT,VWAP,0.03,0.05,high,20,0.9986045182521213,-1.7297117311848655,6.470514882893963
MSFT,VWAP,0.03,0.05,low,20,0.9986045182521213,-7.55407934301701,0.6329735134845692
MSFT,VWAP,0.03,0.1,base,20,1.0,-5.558309865548432,2.647701875474251
MSFT,VWAP,0.03,0.1,high,20,1.0,-1.6207529142921664,6.588448491713805
MSFT,VWAP,0.03,0.1,low,20,1.0,-7.527088341178977,0.6773285673519203
MSFT,VWAP,0.03,0.2,base,20,1.0,-5.556070320945985,2.6499716487322633
MSFT,VWAP,0.03,0.2,high,20,1.0,-1.615125797417455,6.594108387827591
MSFT,VWAP,0.03,0.2,low,20,1.0,-7.526542582712791,0.6779032791820458
MSFT,VWAP,0.05,0.05,base,20,0.884930269667643,-6.002868852937214,1.3200760806605372
MSFT,VWAP,0.05,0.05,high,20,0.884930269667643,-2.3094469528660575,5.502973683477686
MSFT,VWAP,0.05,0.05,low,20,0.884930269667643,-7.849579802971794,-0.7713727207463993
MSFT,VWAP,0.05,0.1,base,20,0.9999016716158996,-5.030615326162129,3.1721492196611356
MSFT,VWAP,0.05,0.1,high,20,0.9999016716158996,-0.5614328210467615,7.645390900212379
MSFT,VWAP,0.05,0.1,low,20,0.9999016716158996,-7.265206578717477,0.9355283793880952
MSFT,VWAP,0.05,0.2,base,20,1.0,-4.992738672939576,3.213746957458075
MSFT,VWAP,0.05,0.2,high,20,1.0,-0.48812888139379673,7.7219990742449784
MSFT,VWAP,0.05,0.2,low,20,1.0,-7.245043568713375,0.9596208990638733
TSLA,POV,0.01,0.05,base,20,1.0,3.5823380879406246,2.132302898077811
TSLA,POV,0.01,0.05,high,20,1.0,7.811284174674258,6.36064368186484
TSLA,POV,0.01,0.05,low,20,1.0,1.467865044574428,0.01813250618515614
TSLA,POV,0.01,0.1,base,20,1.0,7.099885336608959,6.055005251759007
TSLA,POV,0.01,0.1,high,20,1.0,12.241111488927983,11.195761384241168
TSLA,POV,0.01,0.1,low,20,1.0,4.5292722604483595,3.484627185516954
TSLA,POV,0.01,0.2,base,20,1.0,5.901921078385424,5.35307393453621
TSLA,POV,0.01,0.2,high,20,1.0,12.295104891804046,11.745948245285465
TSLA,POV,0.01,0.2,low,20,1.0,2.7053291716737395,2.156636779159338
TSLA,POV,0.03,0.05,base,20,1.0,8.121052824056513,6.059054991677693
TSLA,POV,0.03,0.05,high,20,1.0,12.357623377269244,10.294755422278424
TSLA,POV,0.03,0.05,low,20,1.0,6.002767547453119,3.9412047763801588
TSLA,POV,0.03,0.1,base,20,1.0,4.087113783004321,2.4884561423057496
TSLA,POV,0.03,0.1,high,20,1.0,9.243393378397638,7.643925905867709
TSLA,POV,0.03,0.1,low,20,1.0,1.5089739853052557,-0.08927873947739329
TSLA,POV,0.03,0.2,base,20,1.0,6.726435874403537,5.416639777954203
TSLA,POV,0.03,0.2,high,20,1.0,13.180038034507106,11.86935817785317
TSLA,POV,0.03,0.2,low,20,1.0,3.4996347943485917,2.190280578001416
TSLA,POV,0.05,0.05,base,20,0.9916311128486681,8.318706264036324,5.809514556995521
TSLA,POV,0.05,0.05,high,20,0.9916311128486681,12.520760744629252,10.045754234513538
TSLA,POV,0.05,0.05,low,20,0.9916311128486681,6.2176790237425825,3.691394718239594
TSLA,POV,0.05,0.1,base,20,1.0,5.948949288567218,4.032447016818874
TSLA,POV,0.05,0.1,high,20,1.0,11.109722694279188,9.19223574974798
TSLA,POV,0.05,0.1,low,20,1.0,3.368562585711512,1.4525526503547106
TSLA,POV,0.05,0.2,base,20,1.0,5.220104621761877,3.685601306159858
TSLA,POV,0.05,0.2,high,20,1.0,11.682448458547317,10.146941181638502
TSLA,POV,0.05,0.2,low,20,1.0,1.9889327033664905,0.45493136841817544
TSLA,TWAP,0.01,0.05,base,20,1.0,9.6703554332578,6.592179311784075
TSLA,TWAP,0.01,0.05,high,20,1.0,12.718079430149237,9.638920978497222
TSLA,TWAP,0.01,0.05,low,20,1.0,8.146493434812673,5.068808478427722
TSLA,TWAP,0.01,0.1,base,20,1.0,9.6703554332578,6.592179311784075
TSLA,TWAP,0.01,0.1,high,20,1.0,12.718079430149237,9.638920978497222
TSLA,TWAP,0.01,0.1,low,20,1.0,8.146493434812673,5.068808478427722
TSLA,TWAP,0.01,0.2,base,20,1.0,9.6703554332578,6.592179311784075
TSLA,TWAP,0.01,0.2,high,20,1.0,12.718079430149237,9.638920978497222
TSLA,TWAP,0.01,0.2,low,20,1.0,8.146493434812673,5.068808478427722
TSLA,TWAP,0.03,0.05,base,20,1.0,10.319961060734038,7.239299899786
TSLA,TWAP,0.03,0.05,high,20,1.0,14.109269767241619,11.027369845308
TSLA,TWAP,0.03,0.05,low,20,1.0,8.425306707482653,5.345264927027638
TSLA,TWAP,0.03,0.1,base,20,1.0,10.436311488769004,7.357864806714464
TSLA,TWAP,0.03,0.1,high,20,1.0,14.249659083989513,11.169962798496524
TSLA,TWAP,0.03,0.1,low,20,1.0,8.529637691162007,5.451815810826766
TSLA,TWAP,0.03,0.2,base,20,1.0,10.436373010752089,7.357928306118144
TSLA,TWAP,0.03,0.2,high,20,1.0,14.250114585141205,11.170418967169692
TSLA,TWAP,0.03,0.2,low,20,1.0,8.529502223560948,5.451682975596006
TSLA,TWAP,0.05,0.05,base,20,0.8934398973947582,9.681279355614773,5.837908803017211
TSLA,TWAP,0.05,0.05,high,20,0.8934398973947582,13.326239333663718,9.918489489189053
TSLA,TWAP,0.05,0.05,low,20,0.8934398973947582,7.858799366588005,3.797618459928709
TSLA,TWAP,0.05,0.1,base,20,1.0,10.942484779919091,7.863813460987745
TSLA,TWAP,0.05,0.1,high,20,1.0,15.269261375417798,12.189162014584642
TSLA,TWAP,0.05,0.1,low,20,1.0,8.779096482170047,5.701139184189186
TSLA,TWAP,0.05,0.2,base,20,1.0,10.96379588096464,7.8851662063622046
TSLA,TWAP,0.05,0.2,high,20,1.0,15.304845996187932,12.224781105438453
TSLA,TWAP,0.05,0.2,low,20,1.0,8.793270823353298,5.715358756824385
TSLA,VWAP,0.01,0.05,base,20,0.9999999999999994,8.26166986036202,5.481280450949422
TSLA,VWAP,0.01,0.05,high,20,0.9999999999999994,11.254783617613217,8.473602916541756
TSLA,VWAP,0.01,0.05,low,20,0.9999999999999994,6.765112981729061,3.9851192181459267
TSLA,VWAP,0.01,0.1,base,20,0.9999999999999994,8.26166986036202,5.481280450949422
TSLA,VWAP,0.01,0.1,high,20,0.9999999999999994,11.254783617613217,8.473602916541756
TSLA,VWAP,0.01,0.1,low,20,0.9999999999999994,6.765112981729061,3.9851192181459267
TSLA,VWAP,0.01,0.2,base,20,0.9999999999999994,8.26166986036202,5.481280450949422
TSLA,VWAP,0.01,0.2,high,20,0.9999999999999994,11.254783617613217,8.473602916541756
TSLA,VWAP,0.01,0.2,low,20,0.9999999999999994,6.765112981729061,3.9851192181459267
TSLA,VWAP,0.03,0.05,base,20,0.9999892351839135,8.982190619029684,6.200995587770208
TSLA,VWAP,0.03,0.05,high,20,0.9999892351839135,12.69443971360728,9.912330108641621
TSLA,VWAP,0.03,0.05,low,20,0.9999892351839135,7.126066071739018,4.345328327332699
TSLA,VWAP,0.03,0.1,base,20,0.9999999999999994,8.987888777103853,6.207327327328206
TSLA,VWAP,0.03,0.1,high,20,0.9999999999999994,12.707186912841872,9.925662200163943
TSLA,VWAP,0.03,0.1,low,20,0.9999999999999994,7.128239709232001,4.3481598909071995
TSLA,VWAP,0.03,0.2,base,20,0.9999999999999994,8.987908218215134,6.207346504514433
TSLA,VWAP,0.03,0.2,high,20,0.9999999999999994,12.707260333326648,9.925735023678328
TSLA,VWAP,0.03,0.2,low,20,0.9999999999999994,7.128232160656678,4.348152244929627
TSLA,VWAP,0.05,0.05,base,20,0.9771825852620101,10.297408493514087,7.399490341444159
TSLA,VWAP,0.05,0.05,high,20,0.9771825852620101,14.322669803307956,11.519287166415314
TSLA,VWAP,0.05,0.05,low,20,0.9771825852620101,8.284777838613312,5.339591928954168
TSLA,VWAP,0.05,0.1,base,20,0.9999999999999993,9.48919820509264,6.708519541396285
TSLA,VWAP,0.05,0.1,high,20,0.9999999999999993,13.705490171529476,10.923735539556834
TSLA,VWAP,0.05,0.1,low,20,0.9999999999999993,7.3810522218725625,4.6009115423146225
TSLA,VWAP,0.05,0.2,base,20,0.9999999999999993,9.487923080774824,6.707242737707841
TSLA,VWAP,0.05,0.2,high,20,0.9999999999999993,13.707289489416826,10.925526923893814
TSLA,VWAP,0.05,0.2,low,20,0.9999999999999993,7.378239876452582,4.598100644613135
